#guideId	targetSeq	mitSpecScore	cfdSpecScore	offtargetCount	targetGenomeGeneLocus	DeepCpf1-Score	grafType
35rev	TTTATACTAACCGGTTTCGGTTCAACC	-1	-1	0	intergenic:NP_041331.2/NP_041332.2-NP_041326.1	31.998447	GrafOK
48forw	TTTATGCACCAAAAGAGAACTGCAATG	-1	-1	0	intergenic:NP_041331.2/NP_041332.2-NP_041326.1	71.5361	GrafOK
57rev	TTTGGTGCATAAAATGTCTGCTTTTAT	-1	-1	0	intergenic:NP_041331.2/NP_041332.2-NP_041326.1	59.63745	tt
75forw	TTTCAGGACCCACAGGAGCGACCCAGA	-1	-1	0	intergenic:NP_041331.2/NP_041332.2-NP_041326.1	78.313156	GrafOK
100rev	TTTCTGGGTCGCTCCTGTGGGTCCTGA	-1	-1	0	intergenic:NP_041331.2/NP_041332.2-NP_041326.1	48.307804	GrafOK
129rev	TTTGCAGCTCTGTGCATAACTGTGGTA	-1	-1	0	intergenic:NP_041331.2/NP_041332.2-NP_041326.1	72.28891	GrafOK
204forw	TTTGCTTTTCGGGATTTATGCATAGTA	-1	-1	0	intergenic:NP_041331.2/NP_041332.2-NP_041326.1	2.649377	GrafOK
210forw	TTTCGGGATTTATGCATAGTATATAGA	-1	-1	0	intergenic:NP_041331.2/NP_041332.2-NP_041326.1	57.112347	GrafOK
218forw	TTTATGCATAGTATATAGAGATGGGAA	-1	-1	0	intergenic:NP_041331.2/NP_041332.2-NP_041326.1	73.385025	GrafOK
263rev	TTTATCACATACAGCATATGGATTCCC	-1	-1	0	intergenic:NP_041331.2/NP_041332.2-NP_041326.1	68.71315	GrafOK
269forw	TTTAAAGTTTTATTCTAAAATTAGTGA	-1	-1	0	intergenic:NP_041331.2/NP_041332.2-NP_041326.1	1.2218696	GrafOK
271rev	TTTAAACATTTATCACATACAGCATAT	-1	-1	0	intergenic:NP_041331.2/NP_041332.2-NP_041326.1	50.52875	GrafOK
277forw	TTTATTCTAAAATTAGTGAGTATAGAC	-1	-1	0	intergenic:NP_041331.2/NP_041332.2-NP_041326.1	27.223684	GrafOK
284rev	TTTAGAATAAAACTTTAAACATTTATC	-1	-1	0	intergenic:NP_041331.2/NP_041332.2-NP_041326.1	27.486553	GrafOK
317forw	TTTGTATGGAACAACATTAGAACAGCA	-1	-1	0	intergenic:NP_041331.2/NP_041332.2-NP_041326.1	72.00835	GrafOK
350rev	TTTGTTGTATTGCTGTTCTAATGTTGT	-1	-1	0	intergenic:NP_041331.2/NP_041332.2-NP_041326.1	45.85211	tt
365forw	TTTGTTAATTAGGTGTATTAACTGTCA	-1	-1	0	intergenic:NP_041331.2/NP_041332.2-NP_041326.1	42.682713	GrafOK
390rev	TTTGACAGTTAATACACCTAATTAACA	-1	-1	0	intergenic:NP_041331.2/NP_041332.2-NP_041326.1	68.4828	GrafOK
411rev	TTTCTTCAGGACACAGTGGCTTTTGAC	-1	-1	0	intergenic:NP_041331.2/NP_041332.2-NP_041326.1	45.367664	GrafOK
417rev	TTTGCTTTTCTTCAGGACACAGTGGCT	-1	-1	0	intergenic:NP_041331.2/NP_041332.2-NP_041326.1	2.3773532	GrafOK
431rev	TTTGTCCAGATGTCTTTGCTTTTCTTC	-1	-1	0	intergenic:NP_041331.2/NP_041332.2-NP_041326.1	50.094524	tt
438rev	TTTGCTTTTTGTCCAGATGTCTTTGCT	-1	-1	0	intergenic:NP_041331.2/NP_041332.2-NP_041326.1	1.9301095	GrafOK
513rev	TTTCTCTACGTGTTCTTGATGATCTGC	-1	-1	0	intergenic:NP_041331.2/NP_041332.2-NP_041326.1	35.809025	GrafOK
